,college_id,admission_id,gpa,sat,act,matric,university_id,hook_athlete,hook_first_gen,hook_legacy
0,1,10528,11.0,1580.0,35.0,University of Southern Maine,161554,True,False,False
1,2,10532,10.95,1520.0,0.0,American International College,164447,False,False,False
2,3,16650,10.93,1550.0,0.0,Saint Elizabeth School of Nursing,152497,False,False,False
3,4,243176,10.92,1580.0,0.0,Tufts University,168148,False,False,False
4,5,12785,10.9,1570.0,0.0,Boston College,164924,True,False,False
5,6,243164,10.88,1560.0,0.0,Williams College,168342,True,False,False
6,7,10434,10.85,1520.0,0.0,Bowdoin College,161004,True,False,False
7,8,13429,10.85,1540.0,0.0,Talmudical Seminary of Bobov,451404,False,False,False
8,9,15913,10.85,1540.0,0.0,Princeton University,186131,False,False,False
9,10,15964,10.83,1520.0,35.0,Dartmouth College,182670,False,False,False
10,11,16652,10.8,1580.0,0.0,Tufts University,168148,True,False,False
11,12,17409,10.8,1540.0,36.0,Fitchburg State University,165820,True,False,False
12,13,10700,10.79,0.0,34.0,Boston College,164924,False,False,False
13,14,12787,10.79,1430.0,0.0,Azusa Pacific University,109785,False,False,False
14,15,17420,10.79,0.0,36.0,Whittier College,125763,False,False,False
15,16,15852,10.78,1530.0,31.0,Drew University,184348,False,False,True
16,17,12793,10.77,1500.0,0.0,Georgetown University,131496,False,False,False
17,18,10480,10.76,1440.0,35.0,College of the Atlantic,160959,True,False,False
18,19,10642,10.76,0.0,35.0,Yeshiva Sholom Shachna,486026,False,False,False
19,20,10476,10.74,1260.0,0.0,University of the Cumberlands,156541,False,True,False
20,21,10697,10.74,1560.0,0.0,Texas A&M University-Central Texas,483036,True,False,False
21,22,10274,10.73,0.0,36.0,Boston College,164924,False,False,False
22,23,10429,10.73,1590.0,0.0,Hamilton College,191515,False,False,False
23,24,17408,10.69,0.0,36.0,Colby College,161086,False,False,False
24,25,10377,10.68,0.0,34.0,University of Virginia-Main Campus,234076,True,False,False
25,26,10746,10.67,0.0,35.0,Tufts University,168148,True,False,False
26,27,17421,10.67,0.0,35.0,Boston College,164924,True,False,False
27,28,10228,10.66,0.0,34.0,Duke University,198419,False,False,False
28,29,10371,10.64,1460.0,0.0,Erie 2 Chautauqua Cattaraugus BOCES-Practical Nursing Program,383525,False,False,True
29,30,10183,10.62,0.0,35.0,Mid-South Christian College,481225,False,False,False
30,31,15846,10.61,0.0,33.0,Greater Lowell Technical School,382416,False,False,False
31,32,15853,10.6,1510.0,34.0,College of Charleston,217819,True,False,False
32,33,16653,10.59,1530.0,0.0,Boston College,164924,False,False,False
33,34,15851,10.58,1480.0,35.0,Anna Maria College,164492,True,False,True
34,35,17403,10.58,1530.0,0.0,Princeton University,186131,False,False,False
35,36,15914,10.56,1370.0,0.0,Boston College,164924,False,False,False
36,37,10526,10.49,1460.0,0.0,St. Peter's Hospital College of Nursing,192961,True,False,True
37,38,10661,10.49,1310.0,0.0,Maine College of Art & Design,161509,True,False,False
38,39,12788,10.49,1350.0,0.0,Colby College,161086,False,False,False
39,40,236687,10.48,1570.0,0.0,Touro University,196592,False,False,True
40,41,20355,10.45,1270.0,0.0,Mitchell College,129774,False,False,False
41,42,231300,10.44,0.0,35.0,Hamilton College,191515,False,False,True
42,43,10496,10.42,1430.0,0.0,Governors State University,145336,False,False,False
43,44,16596,10.39,1500.0,0.0,Duke University,198419,False,False,False
44,45,20359,10.35,1530.0,0.0,Tufts University,168148,False,False,False
45,46,13422,10.33,1510.0,0.0,Colby College,161086,False,False,False
46,47,13428,10.33,0.0,35.0,Bowdoin College,161004,False,False,False
47,48,15092,10.33,1520.0,33.0,University of Virginia-Main Campus,234076,False,False,False
48,49,16651,10.33,1510.0,28.0,Boston College,164924,False,False,False
49,50,10373,10.32,1480.0,33.0,Yale University,130794,False,False,False
50,51,15090,10.32,1200.0,26.0,Hamilton College,191515,True,False,False
51,52,10797,10.31,1460.0,0.0,Keene State College,183062,False,False,False
52,53,10432,10.3,0.0,33.0,Carroll University,238458,False,False,False
53,54,10699,10.3,1420.0,0.0,Vermont State University,231165,True,False,False
54,55,10422,10.28,1590.0,35.0,Maine College of Health Professions,161022,False,True,False
55,56,15848,10.27,1470.0,26.0,Boston College,164924,False,False,False
56,57,10366,10.26,1300.0,0.0,Williams College,168342,True,False,False
57,58,10225,10.25,1360.0,0.0,Dartmouth College,182670,False,False,False
58,59,17414,10.25,1280.0,31.0,Duke University,198419,False,False,False
59,60,13442,10.23,1320.0,0.0,Yeshiva Gedolah Kesser Torah,481410,True,False,False
60,61,17478,10.23,1440.0,0.0,Maine Maritime Academy,161299,False,False,False
61,62,10321,10.22,1350.0,32.0,Saint Michael's College,231059,True,False,False
62,63,17415,10.22,1400.0,0.0,University of Chicago,144050,True,False,False
63,64,10650,10.21,1470.0,35.0,Boston University,164988,False,False,False
64,65,16595,10.21,1270.0,0.0,Boston College,164924,False,False,True
65,66,16598,10.21,1380.0,26.0,Boston College,164924,False,False,False
66,67,13430,10.2,1510.0,31.0,Cornell University,190415,True,False,False
67,68,10370,10.19,1170.0,0.0,Louisiana Christian University,159568,True,False,False
68,69,10372,10.18,0.0,35.0,Montana State University,180461,False,False,False
69,70,10652,10.17,0.0,32.0,University of New England,161457,False,False,False
70,71,235289,10.17,0.0,34.0,Dartmouth College,182670,False,False,False
71,72,10367,10.16,0.0,30.0,Brown University,217156,False,False,False
72,73,12789,10.14,1520.0,30.0,Bowdoin College,161004,False,False,False
73,74,15091,10.14,1450.0,0.0,Boston College,164924,False,False,False
74,75,231414,10.14,1490.0,34.0,Trinity Health System School of Nursing,204893,False,False,False
75,76,10090,10.13,1380.0,28.0,Yale University,130794,False,False,False
76,77,17477,10.13,0.0,0.0,Yeshiva of Far Rockaway Derech Ayson Rabbinical Seminary,190752,True,False,False
77,78,10799,10.1,0.0,32.0,Bowdoin College,161004,False,False,False
78,79,17471,10.1,1410.0,0.0,Columbia University in the City of New York,190150,False,False,False
79,80,10474,10.06,1110.0,25.0,University of Southern Indiana,151306,False,False,False
80,81,13234,10.06,0.0,32.0,Hellenic College-Holy Cross Greek Orthodox School of Theology,166054,False,False,False
81,82,10423,10.05,1200.0,0.0,CES College,444510,False,False,False
82,83,12528,10.05,0.0,31.0,Middlebury College,230959,False,False,False
83,84,17413,10.03,1530.0,0.0,Brown University,217156,False,False,False
84,85,15013,10.02,1530.0,0.0,Boston College,164924,False,False,False
85,86,17416,10.01,1240.0,0.0,Boston College,164924,False,False,False
86,87,10498,10.0,1440.0,30.0,Bowdoin College,161004,False,False,False
87,88,231374,10.0,1260.0,0.0,Sterling College,231095,False,False,True
88,89,10320,9.97,1240.0,30.0,Beth Hamedrash Shaarei Yosher Institute,189273,False,False,True
89,90,10046,9.95,1520.0,0.0,Bates College,160977,False,False,False
90,91,20354,9.95,1380.0,0.0,Northeastern University,167358,False,False,False
91,92,10374,9.93,0.0,33.0,University of St Thomas,227863,True,False,False
92,93,10803,9.92,1130.0,0.0,Middlebury College,230959,True,False,False
93,94,13301,9.9,1340.0,0.0,Husson University,487524,False,False,False
94,95,13431,9.9,1010.0,20.0,University of North Alabama,101879,False,False,False
95,96,15012,9.9,1450.0,0.0,Western New England University,168254,True,False,False
96,97,19311,9.9,1490.0,0.0,Boston College,164924,True,False,False
97,98,10368,9.89,0.0,32.0,Montana Technological University,180416,False,False,False
98,99,17476,9.87,1430.0,0.0,Massachusetts College of Art and Design,166674,True,False,False
99,100,20360,9.87,0.0,27.0,Spring Hill College,102234,False,True,False
100,101,10431,9.85,1440.0,27.0,Providence College,217402,False,False,False
101,102,20361,9.84,1360.0,0.0,University of Connecticut-Hartford Campus,463056,False,False,False
102,103,15850,9.82,0.0,21.0,Williams College,168342,False,False,False
103,104,89558,9.82,1340.0,26.0,Cornell University,190415,False,False,False
104,105,10477,9.8,0.0,34.0,Tufts University,168148,False,False,False
105,106,17470,9.8,1440.0,0.0,Montana State University,180461,False,False,False
106,107,17507,9.8,0.0,25.0,Georgetown University,131496,False,False,False
107,108,13420,9.78,1470.0,0.0,University of Arizona,104179,False,False,False
108,109,20362,9.77,1190.0,0.0,University of Virginia-Main Campus,234076,True,False,False
109,110,10649,9.67,0.0,26.0,Duke University,198419,True,False,False
110,111,231316,9.67,0.0,30.0,University of Connecticut-Avery Point,436827,False,False,False
111,112,10552,9.66,0.0,32.0,Lincoln University,213598,False,False,True
112,113,17404,9.64,0.0,0.0,Texas Tech University,229115,False,False,False
113,114,17422,9.6,1180.0,0.0,Boston College,164924,False,False,False
114,115,12782,9.59,0.0,28.0,Colorado State University Global,476975,False,False,False
115,116,10529,9.55,0.0,35.0,Cornell University,190415,True,False,False
116,117,10798,9.55,1360.0,0.0,Hamilton College,191515,True,False,False
117,118,13432,9.51,0.0,14.0,Colby College,161086,False,False,False
118,119,16593,9.49,0.0,31.0,University of Connecticut,129020,False,False,False
119,120,10643,9.45,1150.0,0.0,SUNY Brockport,196121,True,False,False
120,121,10701,9.41,1230.0,0.0,Fisher College,165802,True,False,False
121,122,10663,9.36,1200.0,23.0,Tufts University,168148,True,False,False
122,123,16654,9.36,0.0,0.0,Brown University,217156,False,False,False
123,124,231213,9.36,1200.0,21.0,University of New Haven,129941,False,False,False
124,125,10796,9.35,1190.0,0.0,Salem State University,167729,False,False,False
125,126,13419,9.26,0.0,28.0,Yale University,130794,True,False,True
126,127,10229,9.18,1070.0,0.0,Cornell University,190415,False,True,False
127,128,10442,9.16,0.0,24.0,Middlebury College,230959,False,True,False
128,129,10583,9.1,1220.0,0.0,Greensboro College,198598,True,False,False
129,130,10757,9.07,1210.0,0.0,University of Southern Indiana,151306,False,False,False
130,131,10801,9.07,0.0,24.0,Yale University,130794,True,False,False
131,132,10755,9.05,1070.0,0.0,University of Virginia-Main Campus,234076,False,False,True
132,133,12529,9.05,1310.0,0.0,Boston College,164924,False,False,False
133,134,10714,9.03,1220.0,30.0,Blue Hills Regional Technical School,243799,False,True,False
134,135,10804,9.03,1250.0,0.0,Princeton University,186131,False,False,False
135,136,235236,8.86,1110.0,0.0,Worcester Polytechnic Institute,168421,False,False,False
136,137,10174,11.0,1530.0,0.0,University of Maine at Presque Isle,161341,False,False,False
137,138,10270,10.98,1570.0,0.0,Harmony Health Care Institute,490382,False,False,False
138,139,10169,10.95,1590.0,0.0,University of Saint Katherine,488785,False,False,False
139,140,10554,10.93,1590.0,0.0,Dartmouth College,182670,False,False,False
140,141,10355,10.91,1570.0,0.0,Central Pennsylvania Institute of Science and Technology,369668,False,False,False
141,142,10770,10.9,1570.0,35.0,Southern New Hampshire University,183026,True,False,False
142,143,10267,10.88,1580.0,0.0,University of Virginia-Main Campus,234076,False,False,False
143,144,10213,10.86,0.0,33.0,Colby College,161086,True,False,False
144,145,10034,10.85,1550.0,0.0,Bowdoin College,161004,False,False,True
145,146,10260,10.83,1530.0,35.0,Southern New Hampshire University,183026,False,False,True
146,147,10820,10.83,1520.0,0.0,Cornell University,190415,False,False,False
147,148,10814,10.79,1470.0,36.0,Boston College,164924,False,False,False
148,149,10272,10.78,1500.0,0.0,Trinity Baptist College,137953,True,False,False
149,150,10772,10.78,1560.0,0.0,Hamilton College,191515,False,False,False
150,151,10168,10.75,0.0,34.0,University of Chicago,144050,False,False,True
151,152,10445,10.75,0.0,32.0,Colby College,161086,False,False,False
152,153,10646,10.71,1570.0,0.0,Chamberlain University-Ohio,454236,True,False,False
153,154,10490,10.68,1590.0,36.0,Harvard University,166027,True,False,False
154,155,10079,10.64,1420.0,29.0,Boston University,164988,False,False,False
155,156,10262,10.64,1440.0,0.0,University of Virginia-Main Campus,234076,False,False,False
156,157,10360,10.64,1560.0,0.0,Harvard University,166027,False,False,False
157,158,10351,10.62,1520.0,35.0,Tufts University,168148,False,False,False
158,159,10764,10.59,1400.0,0.0,University of Virginia-Main Campus,234076,True,False,False
159,160,10541,10.55,1400.0,0.0,University of Virginia-Main Campus,234076,False,False,False
160,161,10036,10.52,1550.0,0.0,Georgetown University,131496,False,False,True
161,162,10176,10.52,0.0,35.0,Columbus College of Art & Design,202170,False,False,False
162,163,10387,10.52,0.0,35.0,Syracuse University,196413,False,False,False
163,164,10710,10.5,0.0,34.0,Georgetown University,131496,True,False,False
164,165,10167,10.47,1400.0,0.0,Quinnipiac University,130226,False,False,False
165,166,10708,10.47,0.0,33.0,University of Delaware,130943,False,False,False
166,167,10443,10.45,1550.0,35.0,Bellarmine University,156286,False,False,False
167,168,10449,10.45,0.0,35.0,Milwaukee School of Engineering,239318,False,False,True
168,169,10121,10.42,1490.0,0.0,Dartmouth College,182670,False,False,False
169,170,10087,10.41,0.0,31.0,Yeshiva Chemdas Hatorah,491622,False,False,False
170,171,17479,10.41,1350.0,0.0,Neighborhood Playhouse School of the Theater,193609,False,False,False
171,172,10361,10.4,1580.0,35.0,Union University,221971,False,False,False
172,173,10318,10.38,1430.0,0.0,Bay Path University,164632,False,False,False
173,174,10124,10.37,1550.0,35.0,Middlebury College,230959,False,False,False
174,175,10451,10.37,0.0,34.0,Northwood University,171492,False,False,False
175,176,10767,10.36,0.0,33.0,Bowdoin College,161004,False,False,False
176,177,10088,10.35,0.0,34.0,Colby College,161086,True,False,False
177,178,234704,10.35,1210.0,31.0,University of Massachusetts-Boston,166638,True,False,False
178,179,10311,10.34,1250.0,0.0,Mississippi University for Women,176035,True,False,False
179,180,10494,10.3,1310.0,0.0,Georgetown University,131496,False,False,False
180,181,10543,10.29,1410.0,0.0,Boston College,164924,True,False,False
181,182,10396,10.28,0.0,26.0,Lawrence University,239017,False,False,False
182,183,10392,10.27,0.0,34.0,Dartmouth College,182670,False,False,False
183,184,237311,10.27,1590.0,0.0,Loyola University Maryland,163046,False,False,False
184,185,10175,10.25,0.0,33.0,Rensselaer Polytechnic Institute,194824,False,False,False
185,186,10178,10.25,0.0,34.0,Georgetown University,131496,False,False,False
186,187,10553,10.25,0.0,32.0,University of Bridgeport,128744,False,False,False
187,188,10718,10.25,0.0,34.0,Ursinus College,216524,False,True,False
188,189,10818,10.21,0.0,31.0,Baker College,168847,False,False,True
189,190,10760,10.2,1560.0,0.0,Williams College,168342,False,False,False
190,191,10660,10.19,1480.0,0.0,Platt College-Aurora,260813,False,False,False
191,192,10707,10.19,1440.0,0.0,Georgetown University,131496,False,False,True
192,193,10030,10.18,1240.0,0.0,Colgate University,190099,False,False,False
193,194,10444,10.18,0.0,33.0,Centenary University,183974,False,False,False
194,195,10706,10.17,1490.0,34.0,Massachusetts College of Art and Design,166674,False,False,False
195,196,10544,10.15,1560.0,0.0,Central Connecticut State University,128771,False,True,False
196,197,10120,10.13,1500.0,0.0,University of Saint Joseph,130314,False,False,False
197,198,10774,10.13,1340.0,0.0,Lincoln Memorial University,220631,False,False,False
198,199,10702,10.12,1530.0,31.0,Yeshiva of Machzikai Hadas,455257,False,False,False
199,200,10029,10.1,1210.0,0.0,Williams College,168342,True,False,False
200,201,10546,10.1,0.0,31.0,Yeshiva Zichron Aryeh,487746,False,False,True
201,202,10659,10.08,1190.0,28.0,William Jessup University,122728,True,False,False
202,203,10086,10.05,0.0,33.0,Bates College,160977,False,False,True
203,204,10180,10.0,1510.0,0.0,Dartmouth College,182670,False,False,False
204,205,10171,9.98,0.0,34.0,Duke University,198419,False,False,False
205,206,10716,9.97,0.0,34.0,University of Virginia-Main Campus,234076,False,False,False
206,207,10551,9.91,1290.0,0.0,The University of Texas Permian Basin,229018,False,False,False
207,208,10393,9.89,1410.0,33.0,Middlebury College,230959,False,False,False
208,209,10492,9.85,1430.0,34.0,Mercyhurst University,213987,False,False,True
209,210,15911,9.84,1350.0,23.0,Harvard University,166027,False,False,False
210,211,10074,9.79,0.0,28.0,Tufts University,168148,False,False,False
211,212,10350,9.78,1480.0,0.0,Boston College,164924,False,False,False
212,213,10362,9.77,1530.0,0.0,Southern Connecticut State University,130493,True,False,False
213,214,10665,9.76,0.0,28.0,St. Peter's Hospital College of Nursing,192961,False,True,False
214,215,10307,9.74,1430.0,26.0,Princeton University,186131,False,False,False
215,216,10547,9.73,1170.0,0.0,LeTourneau University,226231,False,False,False
216,217,10667,9.73,1100.0,0.0,Portland Actors Conservatory,457925,False,False,False
217,218,10076,9.72,1200.0,0.0,Norwich University,230995,False,False,True
218,219,10811,9.7,1300.0,0.0,Cornell University,190415,False,False,False
219,220,10773,9.69,1160.0,0.0,St. John Fisher University,195720,False,False,False
220,221,10450,9.68,1320.0,0.0,Middlebury College,230959,False,False,False
221,222,10759,9.68,1430.0,0.0,New Hope Christian College-Eugene,208725,False,False,False
222,223,10437,9.67,1160.0,0.0,Princeton University,186131,True,False,False
223,224,10545,9.67,1310.0,0.0,Center for Allied Health Education,451413,False,False,False
224,225,10039,9.66,1210.0,0.0,Concorde Career Institute-Tampa,133863,False,False,False
225,226,10713,9.65,1100.0,21.0,Franklin W Olin College of Engineering,441982,False,False,False
226,227,10125,9.64,1360.0,0.0,Boston Baptist College,164614,False,False,False
227,228,10440,9.64,1410.0,0.0,Rutgers University-Newark,186399,False,False,False
228,229,10502,9.64,1540.0,0.0,Duke University,198419,False,False,False
229,230,10535,9.64,1420.0,0.0,Williams College,168342,False,False,False
230,231,230382,9.6,0.0,32.0,Mercy College of Health Sciences,153977,True,False,False
231,232,230855,9.6,0.0,28.0,Pennsylvania State University-Penn State Harrisburg,214713,True,False,False
232,233,10379,9.59,0.0,31.0,Wentworth Institute of Technology,168227,True,False,False
233,234,10384,9.57,0.0,24.0,Saint Martin's University,236452,False,False,False
234,235,10305,9.54,1410.0,0.0,Brown University,217156,False,False,False
235,236,10441,9.53,0.0,32.0,Harvard University,166027,False,False,False
236,237,10448,9.53,1500.0,0.0,Blue Mountain Christian University,175430,True,False,False
237,238,10349,9.5,1220.0,0.0,Cornell University,190415,False,False,False
238,239,10388,9.5,1490.0,0.0,Bates College,160977,True,False,True
239,240,17474,9.5,1130.0,0.0,Bard College at Simon's Rock,167792,True,False,False
240,241,90596,9.47,0.0,25.0,Dartmouth College,182670,True,False,False
241,242,10550,9.44,0.0,29.0,University of Wyoming,240727,False,False,False
242,243,10363,9.42,1200.0,0.0,Roberts Wesleyan University,194958,True,False,False
243,244,10038,9.39,1220.0,31.0,Yeshiva Ohr Yisrael,486017,False,False,False
244,245,10310,9.38,0.0,0.0,St. Mary's University,228149,True,False,False
245,246,10214,9.37,0.0,30.0,Dartmouth College,182670,False,False,False
246,247,10654,9.37,950.0,23.0,Boston College,164924,False,False,False
247,248,17475,9.32,0.0,26.0,Brown University,217156,False,False,False
248,249,10220,9.25,1350.0,32.0,Le Moyne-Owen College,220604,True,False,False
249,250,10257,9.25,0.0,0.0,Bates College,160977,False,False,False
250,251,91377,9.22,0.0,28.0,University of Virginia-Main Campus,234076,True,False,False
251,252,10089,9.18,1240.0,27.0,Tufts University,168148,False,False,False
252,253,10709,9.09,0.0,0.0,Assumption University,164562,True,False,False
253,254,10042,9.06,0.0,22.0,Brown University,217156,True,False,False
254,255,10819,9.06,1310.0,29.0,Bowdoin College,161004,True,False,False
255,256,10500,9.05,0.0,0.0,Dartmouth College,182670,True,False,False
256,257,10271,8.81,0.0,0.0,James Madison University,232423,True,False,False
257,258,10308,8.76,0.0,0.0,Georgetown University,131496,True,True,False
258,259,89093,8.63,0.0,0.0,Boston College,164924,True,True,False
259,260,10394,8.5,0.0,0.0,The University of Montana-Western,180692,True,False,False
260,261,10666,8.47,0.0,0.0,Framingham State University,165866,False,False,True
261,262,10540,8.45,0.0,0.0,Yeshiva Gedolah Kesser Torah,481410,False,False,False
262,263,10166,8.44,0.0,0.0,Colby-Sawyer College,182634,False,True,False
263,264,231415,8.4,0.0,0.0,Providence College,217402,False,False,False
264,265,235281,8.36,0.0,0.0,Neumont College of Computer Science,445692,False,False,False
265,266,10548,8.33,0.0,0.0,Middlebury College,230959,True,False,False
266,267,20364,8.15,0.0,0.0,Boston College,164924,True,False,False
267,268,10822,7.9,0.0,0.0,University of Virginia-Main Campus,234076,True,True,False
268,269,10018,10.9,1540.0,0.0,Boston University,164988,False,False,False
269,270,10290,10.84,1450.0,0.0,Boston College,164924,False,False,False
270,271,16591,10.82,1310.0,0.0,Williams College,168342,False,False,False
271,272,237761,10.82,1310.0,0.0,Pennsylvania State University-Penn State Altoona,214689,False,False,False
272,273,16655,10.74,1540.0,30.0,Johnson University,220473,True,False,False
273,274,10252,10.73,1310.0,0.0,Utah State University,230728,False,False,True
274,275,10483,10.73,0.0,25.0,Framingham State University,165866,False,False,False
275,276,10256,10.67,1340.0,28.0,University of Connecticut-Avery Point,436827,False,False,False
276,277,10066,10.65,0.0,32.0,Colby-Sawyer College,182634,False,False,False
277,278,10255,10.65,1070.0,0.0,University of Minnesota-Rochester,456959,False,False,False
278,279,10136,10.62,0.0,34.0,Tufts University,168148,False,False,False
279,280,10061,10.61,1400.0,0.0,Bowdoin College,161004,False,False,False
280,281,10302,10.59,0.0,22.0,Berklee College of Music,164748,False,False,False
281,282,10199,10.58,1010.0,0.0,Charleston Southern University,217688,False,False,False
282,283,15912,10.56,1160.0,24.0,Greater Lowell Technical School,382416,False,False,False
283,284,10209,10.53,1160.0,23.0,Mount Angel Seminary,209241,False,False,False
284,285,10316,10.53,1560.0,0.0,Clarks Summit University,211024,False,False,False
285,286,10164,10.52,0.0,34.0,University of Wisconsin-River Falls,240471,False,False,False
286,287,10254,10.51,0.0,35.0,Bet Medrash Gadol Ateret Torah,485999,False,False,False
287,288,10027,10.47,0.0,35.0,Lynn University,132657,False,False,False
288,289,10182,10.47,1190.0,0.0,Saint Michael's College,231059,False,False,False
289,290,10424,10.44,1400.0,0.0,University of Chicago,144050,False,False,True
290,291,10768,10.44,1590.0,24.0,Pennsylvania State University-Penn State Brandywine,214731,False,False,False
291,292,10805,10.44,1590.0,0.0,Rhode Island School of Design,217493,False,False,False
292,293,10342,10.43,0.0,0.0,Mesivtha Tifereth Jerusalem of America,193070,False,False,False
293,294,10695,10.42,1110.0,0.0,Princeton University,186131,False,False,False
294,295,10114,10.41,0.0,34.0,Harvard University,166027,True,False,True
295,296,10754,10.41,0.0,31.0,University of New England,161457,False,False,False
296,297,10298,10.4,1540.0,0.0,Cornell University,190415,False,False,False
297,298,10337,10.4,1580.0,0.0,Middlebury College,230959,False,False,False
298,299,10530,10.37,1550.0,0.0,Davenport University,169479,False,False,True
299,300,10753,10.37,1560.0,0.0,University of Arkansas at Pine Bluff,106412,False,False,False
300,301,10044,10.36,0.0,0.0,Brown University,217156,False,False,False
301,302,10482,10.36,1380.0,0.0,The New England Conservatory of Music,167057,False,False,False
302,303,10346,10.34,0.0,34.0,University of South Carolina Beaufort,218654,False,False,False
303,304,10115,10.33,1190.0,29.0,Bates College,160977,False,False,False
304,305,10181,10.32,0.0,32.0,Detroit Business Institute-Downriver,169576,False,False,False
305,306,10291,10.32,1170.0,0.0,Georgian Court University,184773,False,False,True
306,307,10751,10.32,0.0,23.0,Middlebury College,230959,False,False,False
307,308,10159,10.29,1510.0,0.0,Elmira College,190983,False,False,True
308,309,10292,10.29,1070.0,0.0,Cornell University,190415,False,False,False
309,310,10425,10.29,0.0,31.0,Boston College,164924,False,False,False
310,311,10481,10.26,1530.0,22.0,Dartmouth College,182670,False,False,False
311,312,10807,10.26,1500.0,0.0,University of Massachusetts-Amherst,166629,False,False,False
312,313,10527,10.21,0.0,34.0,Arizona College of Nursing-Tempe,421708,False,False,False
313,314,18873,10.18,0.0,0.0,Harvard University,166027,False,False,False
314,315,10647,10.15,1190.0,0.0,Bowdoin College,161004,True,False,False
315,316,10756,10.15,1500.0,0.0,Mount Angel Seminary,209241,True,False,False
316,317,10111,10.13,0.0,25.0,Colorado State University Global,476975,False,False,False
317,318,10375,10.1,1530.0,0.0,Bowdoin College,161004,True,False,True
318,319,21716,10.08,1530.0,14.0,Mount Saint Mary's University,119173,False,False,False
319,320,10531,10.06,1410.0,0.0,Centenary University,183974,False,False,False
320,321,10651,10.05,1430.0,22.0,Goddard College,230889,False,False,False
321,322,10533,10.03,0.0,0.0,Thomas College,161563,False,False,False
322,323,10045,10.01,1590.0,0.0,Tufts University,168148,False,False,False
323,324,10693,10.01,1510.0,0.0,Indiana University-East,151388,False,False,False
324,325,10344,10.0,0.0,34.0,University of Toledo,206084,True,False,False
325,326,10428,10.0,0.0,26.0,Columbia University in the City of New York,190150,False,False,False
326,327,10296,9.97,1510.0,0.0,Georgetown University,131496,False,False,False
327,328,10487,9.96,1510.0,0.0,Cornell University,190415,True,False,False
328,329,10698,9.87,1240.0,0.0,Husson University,487524,False,False,False
329,330,10073,9.85,1510.0,0.0,Southwestern College,155900,False,False,False
330,331,10536,9.85,0.0,0.0,Princeton University,186131,False,False,False
331,332,10485,9.84,1520.0,0.0,Williams College,168342,True,False,False
332,333,17417,9.83,0.0,33.0,Columbia University in the City of New York,190150,False,False,False
333,334,10113,9.8,1350.0,0.0,Rabbinical College of Long Island,194736,True,False,False
334,335,10475,9.79,1480.0,0.0,University of Maine at Fort Kent,161235,True,False,False
335,336,10208,9.78,0.0,36.0,Bates College,160977,False,False,False
336,337,10071,9.76,1070.0,18.0,Mount Holyoke College,166939,False,False,True
337,338,10161,9.76,1560.0,28.0,Georgia Southern University,139931,False,False,False
338,339,10063,9.75,1430.0,0.0,Boston College,164924,True,False,False
339,340,10426,9.75,1200.0,0.0,Yale University,130794,False,False,True
340,341,10433,9.71,0.0,21.0,Cornell University,190415,False,False,False
341,342,10065,9.68,1470.0,0.0,Harvard University,166027,False,False,False
342,343,10118,9.67,1520.0,0.0,Young Americans College of the Performing Arts,493619,False,False,False
343,344,10152,9.67,1490.0,0.0,Capitol Technology University,162061,False,False,False
344,345,10293,9.64,0.0,35.0,Saint Joseph's College of Maine,161518,False,False,False
345,346,10748,9.64,1500.0,25.0,Bais Medrash of Dexter Park,495031,True,False,False
346,347,10108,9.63,1580.0,0.0,Longy School of Music of Bard College,166489,False,False,False
347,348,10196,9.61,0.0,34.0,Tufts University,168148,False,False,False
348,349,10201,9.6,1530.0,33.0,University of Connecticut-Avery Point,436827,False,False,False
349,350,10092,9.58,1560.0,21.0,Tufts University,168148,False,False,False
350,351,10249,9.56,950.0,0.0,Williams College,168342,False,False,False
351,352,10473,9.56,1590.0,0.0,Tufts University,168148,True,False,True
352,353,10224,9.55,1570.0,28.0,Pennsylvania State University-Penn State DuBois,214740,False,True,False
353,354,10022,9.53,1530.0,0.0,Harvard University,166027,False,False,False
354,355,10043,9.5,1190.0,20.0,Greenville University,145372,False,False,False
355,356,10427,9.5,0.0,34.0,Williams College,168342,False,False,False
356,357,10389,9.4,0.0,0.0,Brown University,217156,False,False,False
357,358,10070,9.39,0.0,34.0,Pennsylvania State University-Penn State Altoona,214689,False,False,False
358,359,10301,9.38,1350.0,28.0,Bethany College,237181,False,False,True
359,360,10749,9.36,0.0,33.0,Massachusetts College of Liberal Arts,167288,False,False,False
360,361,10248,9.33,1220.0,0.0,Middlebury College,230959,True,False,False
361,362,10750,9.33,1190.0,0.0,Dartmouth College,182670,False,False,False
362,363,10771,9.31,0.0,35.0,Bates College,160977,False,False,False
363,364,10197,9.3,1220.0,0.0,Georgia College & State University,139861,False,False,False
364,365,10747,9.26,0.0,23.0,Lewis & Clark College,209056,False,True,False
365,366,10251,9.25,1530.0,23.0,Bates College,160977,False,False,False
366,367,10826,9.24,1520.0,0.0,Franklin Pierce University,182795,True,False,False
367,368,10823,9.23,0.0,32.0,Boston College,164924,True,False,False
368,369,10222,9.19,1270.0,0.0,La Salle University,213367,False,False,False
369,370,10023,9.11,1490.0,25.0,Otis College of Art and Design,120403,False,False,False
370,371,10694,9.11,1420.0,0.0,Arizona College of Nursing-Salt Lake City,497268,True,False,False
371,372,10155,9.1,0.0,35.0,Elizabethtown College,212197,False,True,False
372,373,10247,9.09,1410.0,25.0,Middlebury College,230959,False,False,False
373,374,10341,9.07,1270.0,0.0,Williams College,168342,True,False,False
374,375,10157,9.05,1200.0,0.0,Boston University,164988,False,False,False
375,376,10160,9.05,1540.0,24.0,Cornell University,190415,False,False,False
376,377,17930,9.0,1310.0,0.0,Williams College,168342,False,False,False
377,378,10091,8.97,1070.0,0.0,University of Massachusetts-Boston,166638,False,False,False
378,379,10479,8.96,1590.0,0.0,Boston College,164924,False,True,False
379,380,10644,8.95,1500.0,0.0,Cleveland University-Kansas City,177038,False,False,False
380,381,10116,8.89,1360.0,0.0,Norwich University,230995,True,False,False
381,382,10825,8.8,1440.0,32.0,Colby College,161086,False,False,False
382,383,10226,8.67,1590.0,28.0,Brown University,217156,False,False,False
383,384,10696,8.63,0.0,23.0,Boston College,164924,False,False,True
384,385,10671,8.59,1580.0,22.0,Princeton University,186131,False,False,False
385,386,10303,8.58,0.0,30.0,Cornell University,190415,False,False,False
386,387,10109,8.36,0.0,28.0,Williams College,168342,True,False,False
387,388,15088,8.21,0.0,35.0,Anna Maria College,164492,True,False,False
388,389,10062,8.19,0.0,0.0,Yale University,130794,False,False,False
389,390,10534,8.13,1200.0,0.0,Boston College,164924,False,True,False
390,391,10766,8.08,0.0,27.0,Bennington College,230816,False,False,False
391,392,26404,8.0,0.0,21.0,Laguna College of Art and Design,117168,False,False,False
392,393,10478,7.99,1540.0,26.0,Princeton University,186131,False,False,False
393,394,18875,7.73,1560.0,0.0,University of Colorado Denver/Anschutz Medical Campus,126562,False,False,True
394,395,26405,7.33,0.0,28.0,University of Holy Cross,160065,False,False,False
395,396,10015,7.2,1150.0,0.0,Princeton University,186131,False,False,False
396,397,10653,6.76,1280.0,21.0,Harvard University,166027,True,False,False
397,398,25280,5.36,0.0,0.0,Harvard University,166027,True,False,False
398,399,10194,11.0,1580.0,0.0,Columbia University in the City of New York,190150,False,False,False
399,400,21718,11.0,1580.0,0.0,Princeton University,186131,True,False,False
400,401,10358,10.95,1590.0,0.0,Florida International University,133951,False,False,True
401,402,10328,10.92,1570.0,0.0,Harvard University,166027,False,False,False
402,403,10217,10.85,1590.0,0.0,Yale University,130794,False,False,False
403,404,10218,10.82,1510.0,0.0,Dartmouth College,182670,False,False,False
404,405,10077,10.81,1600.0,0.0,Southeastern College-Charleston,443261,True,False,False
405,406,10289,10.81,1580.0,0.0,Boston University,164988,False,False,False
406,407,10195,10.75,1520.0,0.0,University of Virginia-Main Campus,234076,False,False,True
407,408,10312,10.74,1540.0,36.0,DeVry University-New Jersey,482556,False,False,False
408,409,10356,10.73,0.0,35.0,Williams College,168342,True,False,False
409,410,10075,10.72,1570.0,0.0,Columbia University in the City of New York,190150,False,False,False
410,411,10243,10.71,1580.0,0.0,Harvard University,166027,False,False,True
411,412,10268,10.68,1590.0,0.0,Harrisburg University of Science and Technology,446640,False,False,False
412,413,10190,10.63,1540.0,0.0,Tufts University,168148,True,False,True
413,414,10145,10.59,1440.0,0.0,Bowdoin College,161004,False,False,False
414,415,10128,10.58,1350.0,32.0,Salve Regina University,217536,False,False,True
415,416,10080,10.57,1570.0,34.0,Cornell University,190415,False,False,False
416,417,10365,10.57,1580.0,0.0,Rabbinical College of America,186186,False,False,False
417,418,10130,10.55,1570.0,0.0,Huntington University,150941,False,False,True
418,419,10242,10.53,1590.0,0.0,University of Chicago,144050,False,False,False
419,420,10138,10.5,1510.0,34.0,Georgetown University,131496,False,False,True
420,421,10012,10.49,1520.0,0.0,San Jose State University,122755,False,False,True
421,422,10008,10.47,0.0,34.0,University of Detroit Mercy,169716,True,False,True
422,423,10313,10.47,0.0,26.0,Bates College,160977,True,False,False
423,424,10146,10.46,1530.0,34.0,Capitol Technology University,162061,False,False,True
424,425,10238,10.45,1550.0,0.0,Concorde Career Institute-Miramar,133854,False,False,False
425,426,10101,10.44,1570.0,0.0,Maria College of Albany,192785,False,False,False
426,427,10244,10.44,1570.0,32.0,Colby-Sawyer College,182634,False,False,False
427,428,10123,10.43,1520.0,0.0,Viterbo University,240107,False,True,False
428,429,10013,10.42,0.0,33.0,Yeshivath Zichron Moshe,197744,True,False,False
429,430,10359,10.42,1530.0,0.0,Cornell University,190415,False,False,True
430,431,10055,10.41,1540.0,35.0,Brown University,217156,False,False,True
431,432,10549,10.41,1400.0,0.0,Duke University,198419,False,False,False
432,433,10126,10.4,0.0,33.0,Saint Norbert College,239716,False,False,False
433,434,10083,10.37,1460.0,0.0,Hamilton College,191515,False,False,False
434,435,10184,10.35,1470.0,0.0,Metropolitan State University,174020,False,False,False
435,436,10173,10.33,1540.0,0.0,Colby College,161086,False,False,True
436,437,10170,10.3,1560.0,0.0,Princeton University,186131,False,False,False
437,438,10149,10.28,1520.0,0.0,Lourdes University,203757,False,False,False
438,439,10240,10.28,1550.0,0.0,Georgetown University,131496,True,False,False
439,440,10309,10.28,0.0,35.0,Beis Medrash Heichal Dovid,444413,True,False,False
440,441,10333,10.27,1450.0,35.0,University of Chicago,144050,False,False,False
441,442,10331,10.26,1470.0,0.0,Duquesne University,212106,False,False,False
442,443,10806,10.26,0.0,0.0,Harvard University,166027,False,False,False
443,444,10002,10.22,1540.0,34.0,Boston University,164988,False,False,True
444,445,10131,10.21,1570.0,0.0,Academy of Interactive Entertainment,482185,False,False,True
445,446,10264,10.21,1490.0,0.0,Brown University,217156,False,False,True
446,447,10239,10.19,1430.0,0.0,Georgetown University,131496,True,False,False
447,448,10364,10.18,0.0,33.0,Georgetown University,131496,False,False,False
448,449,10035,10.17,1380.0,0.0,Boston University,164988,False,False,False
449,450,10335,10.17,1440.0,0.0,Shasta Bible College and Graduate School,123280,False,False,True
450,451,10800,10.17,0.0,30.0,Duke University,198419,True,False,False
451,452,10275,10.16,1400.0,33.0,Wentworth Institute of Technology,168227,True,False,False
452,453,10269,10.15,1580.0,0.0,Lesley University,166452,False,False,False
453,454,10106,10.13,0.0,30.0,Williams College,168342,True,False,False
454,455,10100,10.12,1430.0,35.0,Indiana University of Pennsylvania-Main Campus,213020,False,False,False
455,456,10246,10.11,0.0,34.0,Yale University,130794,False,False,False
456,457,10031,10.1,0.0,32.0,Dartmouth College,182670,False,False,True
457,458,10192,10.09,1330.0,33.0,Centra College,232618,False,False,False
458,459,10011,10.07,0.0,35.0,Hamilton College,191515,True,False,False
459,460,10259,10.07,1320.0,0.0,Harvard University,166027,False,False,False
460,461,10354,10.07,0.0,29.0,Middlebury College,230959,False,False,True
461,462,10104,10.03,1540.0,0.0,Columbia University in the City of New York,190150,False,False,False
462,463,10135,9.97,1500.0,0.0,Saint Anselm College,183239,True,False,False
463,464,10245,9.97,1380.0,0.0,University of Portland,209825,False,False,False
464,465,10033,9.96,0.0,27.0,Hood College,162760,False,False,False
465,466,10353,9.94,0.0,32.0,Design Institute of San Diego,113582,False,False,False
466,467,10014,9.93,0.0,32.0,Tufts University,168148,False,False,False
467,468,10082,9.93,1550.0,0.0,Bowdoin College,161004,False,False,False
468,469,24491,9.92,0.0,32.0,DeVry University-New Jersey,482556,False,False,False
469,470,10150,9.88,1530.0,32.0,Boston College,164924,False,False,True
470,471,10172,9.88,1550.0,0.0,Waldorf University,154518,False,False,False
471,472,10288,9.88,1550.0,0.0,Westminster College,216807,False,False,False
472,473,10317,9.87,1560.0,0.0,Georgetown University,131496,False,False,False
473,474,10216,9.86,1460.0,0.0,Georgetown University,131496,False,False,False
474,475,10210,9.85,0.0,29.0,American Institute of Alternative Medicine,441636,False,False,False
475,476,10330,9.85,1210.0,23.0,Yale University,130794,False,False,True
476,477,10084,9.81,1510.0,0.0,Saint Charles Borromeo Seminary-Overbrook,216047,False,False,False
477,478,10057,9.78,1050.0,0.0,Georgetown University,131496,False,False,False
478,479,10212,9.76,1160.0,0.0,Georgetown University,131496,False,False,False
479,480,10266,9.72,1270.0,25.0,University of Bridgeport,128744,False,False,False
480,481,10223,9.71,1240.0,29.0,Middlebury College,230959,False,False,False
481,482,10058,9.69,1530.0,34.0,Princeton University,186131,False,False,False
482,483,10241,9.69,0.0,32.0,Sterling College,231095,False,False,False
483,484,10147,9.66,1370.0,0.0,Stonehill College,167996,False,False,False
484,485,10105,9.64,1520.0,0.0,Sacred Heart Major Seminary,172033,True,False,False
485,486,10284,9.61,1490.0,0.0,Georgia State University-Perimeter College,244437,True,False,False
486,487,10332,9.59,1280.0,0.0,New England College,182980,False,False,False
487,488,10133,9.58,1480.0,0.0,Boston University,164988,False,False,False
488,489,10193,9.56,0.0,25.0,Boston College,164924,True,False,False
489,490,10151,9.53,1450.0,31.0,Bridgewater State University,165024,False,False,False
490,491,10037,9.51,1220.0,0.0,Cornell University,190415,False,False,False
491,492,25219,9.43,1420.0,0.0,Eastern International College-Jersey City,421878,False,False,False
492,493,10056,9.36,1280.0,0.0,Bowdoin College,161004,False,False,False
493,494,10221,9.36,0.0,33.0,Bard College at Simon's Rock,167792,False,False,True
494,495,10285,9.36,0.0,32.0,University of Massachusetts-Amherst,166629,False,False,False
495,496,10028,9.35,0.0,29.0,University of Oregon,209551,False,False,False
496,497,10010,9.34,1170.0,0.0,Boise Bible College,142090,False,False,False
497,498,10085,9.34,0.0,0.0,University of Virginia-Main Campus,234076,False,False,False
498,499,20954,9.33,1320.0,0.0,Soka University of America,399911,False,False,False
499,500,10314,9.32,0.0,32.0,Saint Vincent College,215798,False,False,True
500,501,10129,9.31,1540.0,0.0,Bentley University,164739,False,False,False
501,502,10179,9.24,1280.0,0.0,Houston Christian University,225399,True,False,False
502,503,10127,9.23,1550.0,0.0,Yale University,130794,False,False,False
503,504,10265,9.22,0.0,34.0,Gordon College,165936,False,False,False
504,505,10357,9.21,1310.0,0.0,Williams College,168342,False,False,False
505,506,10032,9.17,1330.0,32.0,Pratt Institute-Main,194578,True,True,False
506,507,10215,9.15,1440.0,0.0,Colby College,161086,False,False,False
507,508,10334,9.13,0.0,34.0,University of Chicago,144050,True,False,False
508,509,10053,9.12,1120.0,0.0,Georgetown University,131496,False,True,False
509,510,10263,9.09,1440.0,0.0,Middlebury College,230959,False,True,False
510,511,23725,9.09,1460.0,0.0,Chestnut Hill College,211583,False,False,False
511,512,10078,9.0,1350.0,0.0,The Christ College of Nursing and Health Sciences,201821,False,False,False
512,513,10211,9.0,960.0,0.0,Bryant University,217165,False,False,True
513,514,10107,8.9,1350.0,0.0,Saint Cloud State University,174783,True,False,False
514,515,10009,8.89,1200.0,0.0,University of Massachusetts-Boston,166638,True,False,False
515,516,10261,8.83,0.0,33.0,Dartmouth College,182670,False,False,False
516,517,10040,8.8,1180.0,0.0,Gordon College,165936,True,False,False
517,518,10041,8.75,0.0,0.0,University of Chicago,144050,False,False,False
518,519,10286,8.67,1080.0,0.0,Ner Israel Rabbinical College,163532,False,False,False
519,520,10809,8.65,0.0,33.0,William Peace University,199272,False,False,False
520,521,10556,8.56,0.0,0.0,Tufts University,168148,False,False,False
521,522,10283,8.49,1180.0,0.0,Brown University,217156,False,True,False
522,523,10191,8.48,0.0,0.0,Middlebury College,230959,False,False,False
523,524,18870,8.48,0.0,25.0,Southern Connecticut State University,130493,False,False,True
524,525,10148,8.44,1190.0,0.0,Boston University,164988,True,False,False
525,526,21719,8.42,1380.0,0.0,Chamberlain University-Texas,466930,False,False,False
526,527,10455,8.35,1030.0,0.0,Oregon State University-Cascades Campus,440828,True,False,False
527,528,17929,8.3,1270.0,30.0,Florida Institute of Technology,133881,False,False,False
528,529,10219,8.24,1070.0,19.0,Trinity College,130590,False,False,False
529,530,10329,8.0,0.0,23.0,Western New England University,168254,False,False,False
530,531,10132,7.98,1260.0,0.0,Ohio Northern University,204635,False,True,False
531,532,10306,7.86,0.0,0.0,Northwest HVAC/R Training Center,434362,False,False,False
532,533,10103,7.69,0.0,0.0,American International College,164447,True,False,False
533,534,10454,7.69,0.0,0.0,Benedict College,217721,False,False,False
534,535,17927,7.43,0.0,0.0,Dartmouth College,182670,True,False,False
535,536,10059,6.97,0.0,0.0,Tufts University,168148,False,False,False
